{
  "hash": "1b4d23cf",
  "configHash": "38462c81",
  "lockfileHash": "d4707881",
  "browserHash": "c7ed04ce",
  "optimized": {
    "@angular/core": {
      "src": "../../../../../../node_modules/@angular/core/fesm2022/core.mjs",
      "file": "@angular_core.js",
      "fileHash": "cb145184",
      "needsInterop": false
    },
    "@angular/platform-browser": {
      "src": "../../../../../../node_modules/@angular/platform-browser/fesm2022/platform-browser.mjs",
      "file": "@angular_platform-browser.js",
      "fileHash": "c5a38da7",
      "needsInterop": false
    },
    "@angular/router": {
      "src": "../../../../../../node_modules/@angular/router/fesm2022/router.mjs",
      "file": "@angular_router.js",
      "fileHash": "b5e47fe0",
      "needsInterop": false
    },
    "@angular/common": {
      "src": "../../../../../../node_modules/@angular/common/fesm2022/common.mjs",
      "file": "@angular_common.js",
      "fileHash": "f2e43918",
      "needsInterop": false
    },
    "@angular/common/http": {
      "src": "../../../../../../node_modules/@angular/common/fesm2022/http.mjs",
      "file": "@angular_common_http.js",
      "fileHash": "df3c56a6",
      "needsInterop": false
    },
    "@angular/forms": {
      "src": "../../../../../../node_modules/@angular/forms/fesm2022/forms.mjs",
      "file": "@angular_forms.js",
      "fileHash": "9b7354a6",
      "needsInterop": false
    },
    "@angular/material/dialog": {
      "src": "../../../../../../node_modules/@angular/material/fesm2022/dialog.mjs",
      "file": "@angular_material_dialog.js",
      "fileHash": "459565ea",
      "needsInterop": false
    },
    "@angular/material/button": {
      "src": "../../../../../../node_modules/@angular/material/fesm2022/button.mjs",
      "file": "@angular_material_button.js",
      "fileHash": "0aa0ba3c",
      "needsInterop": false
    },
    "@angular/cdk/bidi": {
      "src": "../../../../../../node_modules/@angular/cdk/fesm2022/bidi.mjs",
      "file": "@angular_cdk_bidi.js",
      "fileHash": "f825094a",
      "needsInterop": false
    },
    "ngx-pagination": {
      "src": "../../../../../../node_modules/ngx-pagination/fesm2020/ngx-pagination.mjs",
      "file": "ngx-pagination.js",
      "fileHash": "35aa9e88",
      "needsInterop": false
    }
  },
  "chunks": {
    "chunk-MUTGZSZ2": {
      "file": "chunk-MUTGZSZ2.js"
    },
    "chunk-OWAHFMOK": {
      "file": "chunk-OWAHFMOK.js"
    },
    "chunk-ZZIGQI7U": {
      "file": "chunk-ZZIGQI7U.js"
    },
    "chunk-CYC55BLX": {
      "file": "chunk-CYC55BLX.js"
    },
    "chunk-I22RL6ZL": {
      "file": "chunk-I22RL6ZL.js"
    },
    "chunk-GHERD6QM": {
      "file": "chunk-GHERD6QM.js"
    },
    "chunk-OVVSS3MF": {
      "file": "chunk-OVVSS3MF.js"
    }
  }
}