{
  "hash": "7e7c3f45",
  "configHash": "581a6cdb",
  "lockfileHash": "d4707881",
  "browserHash": "95f90191",
  "optimized": {
    "@angular/common": {
      "src": "../../../../../../node_modules/@angular/common/fesm2022/common.mjs",
      "file": "@angular_common.js",
      "fileHash": "eee45fca",
      "needsInterop": false
    },
    "@angular/common/http": {
      "src": "../../../../../../node_modules/@angular/common/fesm2022/http.mjs",
      "file": "@angular_common_http.js",
      "fileHash": "593c75f2",
      "needsInterop": false
    },
    "@angular/core": {
      "src": "../../../../../../node_modules/@angular/core/fesm2022/core.mjs",
      "file": "@angular_core.js",
      "fileHash": "5c459c83",
      "needsInterop": false
    },
    "@angular/forms": {
      "src": "../../../../../../node_modules/@angular/forms/fesm2022/forms.mjs",
      "file": "@angular_forms.js",
      "fileHash": "f45e0dd6",
      "needsInterop": false
    },
    "@angular/platform-browser": {
      "src": "../../../../../../node_modules/@angular/platform-browser/fesm2022/platform-browser.mjs",
      "file": "@angular_platform-browser.js",
      "fileHash": "7c427fa6",
      "needsInterop": false
    },
    "@angular/platform-server": {
      "src": "../../../../../../node_modules/@angular/platform-server/fesm2022/platform-server.mjs",
      "file": "@angular_platform-server.js",
      "fileHash": "5b18a1ec",
      "needsInterop": false
    },
    "@angular/router": {
      "src": "../../../../../../node_modules/@angular/router/fesm2022/router.mjs",
      "file": "@angular_router.js",
      "fileHash": "0a3b9c50",
      "needsInterop": false
    },
    "@angular/ssr": {
      "src": "../../../../../../node_modules/@angular/ssr/fesm2022/ssr.mjs",
      "file": "@angular_ssr.js",
      "fileHash": "18c763e0",
      "needsInterop": false
    },
    "@angular/ssr/node": {
      "src": "../../../../../../node_modules/@angular/ssr/fesm2022/node.mjs",
      "file": "@angular_ssr_node.js",
      "fileHash": "e2b4dc82",
      "needsInterop": false
    },
    "express": {
      "src": "../../../../../../node_modules/express/index.js",
      "file": "express.js",
      "fileHash": "72bbd468",
      "needsInterop": true
    },
    "@angular/material/dialog": {
      "src": "../../../../../../node_modules/@angular/material/fesm2022/dialog.mjs",
      "file": "@angular_material_dialog.js",
      "fileHash": "4bb77cb4",
      "needsInterop": false
    },
    "@angular/material/button": {
      "src": "../../../../../../node_modules/@angular/material/fesm2022/button.mjs",
      "file": "@angular_material_button.js",
      "fileHash": "4f56df7f",
      "needsInterop": false
    },
    "@angular/cdk/bidi": {
      "src": "../../../../../../node_modules/@angular/cdk/fesm2022/bidi.mjs",
      "file": "@angular_cdk_bidi.js",
      "fileHash": "fca68350",
      "needsInterop": false
    },
    "ngx-pagination": {
      "src": "../../../../../../node_modules/ngx-pagination/fesm2015/ngx-pagination.mjs",
      "file": "ngx-pagination.js",
      "fileHash": "034e72a8",
      "needsInterop": false
    }
  },
  "chunks": {
    "chunk-UACWKEGE": {
      "file": "chunk-UACWKEGE.js"
    },
    "chunk-CZRR42AC": {
      "file": "chunk-CZRR42AC.js"
    },
    "xhr2-TXIMV6CV": {
      "file": "xhr2-TXIMV6CV.js"
    },
    "chunk-UVOTCSDA": {
      "file": "chunk-UVOTCSDA.js"
    },
    "chunk-WVU5MJXW": {
      "file": "chunk-WVU5MJXW.js"
    },
    "chunk-DMA5PODP": {
      "file": "chunk-DMA5PODP.js"
    },
    "chunk-PWDCG4SH": {
      "file": "chunk-PWDCG4SH.js"
    },
    "chunk-XKU4W7O3": {
      "file": "chunk-XKU4W7O3.js"
    },
    "chunk-D6OAEE7N": {
      "file": "chunk-D6OAEE7N.js"
    },
    "chunk-UMQWUUBM": {
      "file": "chunk-UMQWUUBM.js"
    },
    "chunk-PXXRCHXC": {
      "file": "chunk-PXXRCHXC.js"
    },
    "chunk-YHCV7DAQ": {
      "file": "chunk-YHCV7DAQ.js"
    }
  }
}